"","ScreenName","Location"
"2","gibth","Venezuela"
"3","Samanthaloomis_","Lawrence, KS"
"4","Greeneyes716","Chicago IL"
"5","LoststarsLisa","Kenton Ohio"
"6","jburcum","Minneapolis"
"7","CoMo_HealthDept","Columbia, Missouri"
"8","XlearInc","American Fork, Utah"
"10","harrisshana24","Nashville AR"
"11","tfreud","New Jersey, USA"
"12","Msu_Fever","Kisumu City"
"13","beckahasley","Wichita Falls, TX"
"14","Amanndda__","Louisiana"
"15","mestery","Woodbury, MN"
"16","forbidenfruit41","Georgia, USA"
"18","kbhaduri69","Kansas, USA"
"19","KARLEYPARRIE","waiting on may 2019"
"20","sambucolusa","USA"
"21","StarTribune","Minneapolis, MN "
"22","ohyeaChris","Louisiana, USA"
"23","dr_pegarcia","Santiago, Chile"
"24","KARK4News","Little Rock, AR"
"25","Darling_Nina","Denver, CO"
"27","FOX16News","Central Arkansas"
"31","TrueJackDaniel","OKC"
"32","ArdilloTony","Louisiana, USA"
"34","JoshFlynn","Indiana"
"35","Whose_yo_pappy","Don't fucking worry about it "
"36","JustinSkiles","Bellevue, NE"
"37","willowfrantn","Franklin, TN near Nashville"
"39","AngelaKorras"," Australia"
"40","crazy4som","Having a Gin & Laughing .."
"41","FeverHoops","Fort Collins, CO"
"42","queenwhompy","Tennessee, USA"
"43","uhmmshante","Denver, CO"
"44","alwaysapayne","Louisiana, USA"
"45","The_News_Record","Gillette, Wyoming"
"47","came_forget","Anaheim, CA"
"48","PaulReveal1","Rotterdam, NY"
"49","texaslady10","Texas"
"50","JosephMcgrawjoe","PA"
"51","Hotrod603","Chickamauga, GA"
"53","Allisonarlene","sioux falls SD "
"54","proudmana3","Hernando, FL"
"59","BreazBeach","south Florida"
"60","luellen_terry","Missouri, USA"
"61","TanaShefani","New Zealand"
"62","Tristan1george","Kampala, Uganda"
"63","NeileJones","Arkansas/Oklahoma"
"67","__BlakeShelton_","Tishomingo, OK"
"68","ricet2568","Haughton, LA"
"69","AshleyKetz","Little Rock, AR"
"71","jordantipton_","bandon, or"
"72","hellosarahi97","United States"
"74","KristaNamio","Federated States of Micronesia"
"75","nwavolkswagen","Rogers, AR"
"76","blueadventrmama","Fort Collins, CO"
"77","FranciscoMarty_","Boston, MA"
"78","BatBomb","Whitehorse, YT"
"79","droncall24x7","United States"
"80","brea5620","New Sharon, IA"
"81","chembomusic","Lusaka, Zambia"
"82","microBIOblog","Spain"
"83","lizditz","San Mateo County, California"
"84","MyPureLifeDrT","Atlanta, GA"
"86","CofHEQ","Washington DC USA "
"87","GlobalPHObserv","Baltimore MD USA"
"88","Todd_Bixby","San Diego | DC | Palm Beach"
"89","JustKath_","Kielce, Poland"
"90","Casillic","Gainesville, Fl"
"91","AbbieStutzer","Lawrence, KS"
"92","CIDRAP","Minneapolis, MN"
"94","NolanAnderson2","Canal Winchester, OH"
"95","im_ad0rkable","Los Angeles, CA"
"96","victoriapricetv","little rock"
"97","BonniHuntsinger","Nashville"
"98","maryrobertsss","Coronado, CA"
"99","antelope_lauren","Wyoming, USA"
"100","ChrisOfficiall1","Germany"
"102","JonathanRozelle","Little Rock, AR"
"103","JasonRoof1","United States"
"104","2cents4change","America"
"105","ebongreen","Minneapolis, MN USA"
"106","omahareggaevibe","Omaha Nebraska"
"108","GregYarbrough","Little Rock, AR"
"109","Greenbacksgal","Colorado Springs, CO"
"110","kathywatson31","Springboro PA"
"112","AlmaKomi","Chicago, IL"
"113","maizeyrae","Ohio, USA"
"114","Rebecca62186022","Renfrew, Ontario"
"116","batman_2432","Mission, TX"
"117","karenberan","Middle America"
"119","scottmbrewster","Fayetteville, AR"
"121","Youneve25442586"," Earth"
"124","manzanares_ron","United States"
"125","KeytonBluhm","Watertown, MN"
"127","KARKMark","Little Rock"
"129","Babe4U69ways","Funville, <U+2764><U+FE0F><ed><U+00A0><U+00BC><ed><U+00B7><U+00BA><ed><U+00A0><U+00BC><ed><U+00B7><U+00B8>USA<ed><U+00A0><U+00BC><ed><U+00BC><U+008B>"
"130","csnyder887","Chicago, IL"
"131","Theresa61758149","St Albans, WV"
"132","marglois13","Eagle Mountain, TX"
"133","Alwayzjosiee","Minneapolis"
"134","Pattymamaw",", USA"
"136","DJBrianBacchus","St. Louis, MO, USA"
"137","Lexi_R217","Louisiana, USA"
"138","a_soldier88","Corpus Christi, TX"
"139","libbyronquille","Lafitte, Louisiana, USA"
"140","JustinDuck4","East Lake, FL"
"141","tracydete","Minnesota, USA"
"142","BBnewsroom","Mountain Home, Ark."
"143","Rdc8683","Pennsylvania, USA"
"144","tamz2105","England"
"145","rtwosweetooth","Just a girl in the world, Cali"
"146","U2Nurse","Minnetonka, Minnesota"
"147","CountryrocksKay","England"
"148","AmyJoA33","Pittsburgh, PA"
"150","BremerAshley","Tennessee, USA"
"151","plucas1000","United States"
"152","deedeeliii","Buenos Aires"
"153","shefani1909","Deutschland"
"154","aelanzz","New Orleans, LA"
"155","HassmannElaine","Liberty, TX"
"156","TammyBegg","United States"
"157","fans_blackjack","United States"
"158","moondancernite2","Longview, TX"
"159","Dohodog","Michigan, USA"
"161","TerriSmith1972","Arnold, MO"
"164","kaylinhillburn","Metairie, LA"
"165","Lacus09","Serenity, NA"
"166","Mrs_sue","United States"
"167","0DGMETHHAZE666","Switzerland"
"168","lrking31","wanna know then ask"
"169","sandrapiller","ÜT: 34.427222,-118.599035"
"171","Deenacash13","Arkansas"
"172","Deb3326","Charleston,SC"
"173","jsblcb","San Antonio, Texas "
"174","blakeishotaf","over the rainbow"
"175","phyllishdez5","Ohio "
"176","alexalynelle_","McAllen, TX"
"177","Suzzann62694484","Chippewa Falls, WI"
"178","dimpledblake","Sky high in Colorado"
"183","liventhemoment","Central California"
"185","wanda_haynes16","South Carolina, USA"
"186","MdnelsonMichele","Iowa, USA"
"189","xDEliza","Poland"
"192","katie_alotta","Long Island, NY"
"193","blakeshelton","Tishomingo, Ok"
"194","Carigun","Earth"
"195","mandyjohnson__","Southaven, MS"
"196","Klsellmeyer","Omaha"
"198","YMCAFOXCITIES","Appleton, WI"
"199","Scholar_Atheist","Earth"
"200","AmberLe01822838","USA"
"201","2spjennersville","United States"
"202","m_schefft","Richmond, VA"
"203","HealthyWrld","United States"
"204","Sortiwa","United States"
"205","DauntlessINA","Indonesia"
"206","___LadyyKaee","Louisiana "
"207","SMBurgessLab","Bethesda, MD"
"208","cabotsd","Cabot, Arkansas"
"209","patbishop100","Oklahoma City, OK 73132"
"211","cmmounts","Minneapolis, MN"
"212","thegirlcancook","Tulsa, OK"
"214","LauriiVzq","nowhere."
"215","Kelli_Lydon","Des Moines, IA"
"218","sonnijayne","okc"
"219","logopoetics","East Coast, United States"
"220","monamkellym","United States"
"221","chrisaguilor","United States"
"222","Annariecay","United States"
"223","LaronBarbara","United States"
"224","nicolerpri","United States"
"225","VEGASCITYGIRL1","Vegas USA"
"226","ElizabethRicor1","United States"
"227","LeaceyBrown","Rapid City, SD"
"228","ShizueRosin","United States"
"229","peggyadamyah","United States"
"230","Kathleenlany","United States"
"231","aynheyde","United States"
"232","PulpNews","USA"
"233","Cable_Dawg79","Tennessee, USA"
"234","suzannecse","United States"
"235","AlienFaerie","Arizona<ed><U+00A0><U+00BC><ed><U+00BC><U+00B5>"
"236","LIaquez","New York, USA"
"237","SelphDfence","Lilongwe, Malawi"
"238","Larry_freedom1","USA"
"239","Hall1stDistrict","Kansas City, MO"
"240","stevenochofinko","Converse, Indiana"
"241","cushingfwb","Cushing, OK"
"242","karleerose27","Remsen, IA"
"244","BrianSavv","United States"
"245","AshleyMColeNews","St. Louis, Missouri"
"246","wiewahyu","jakarta"
"247","prosportsfever","USA"
"248","BioFireDX","Salt Lake City, Utah, USA"
"250","alicyneven","Pierre, SD "
"251","KCMOHealthDept","Kansas City, Mo."
"252","scekker","Rochester, MN"
"253","haloarmanage","Denver, CO"
"254","AndyMastrocola","Wisconsin, USA"
"255","KSDKkiya","St Louis, MO"
"256","MosquitoSquadKC","Olathe, KS"
"257","entertain_mn","Minneapolis-St. Paul, MN"
"258","1800DENTIST4DDS","USA"
"259","farah_loo","Denver, CO"
"260","mal056","Louisiana"
"261","NPlainsNews","South Dakota "
"262","Coffee_House_","Minneapolis, MN"
"263","janeboal","ohio--chicago--california"
"264","ou82m0","United States"
"265","BigDaddyTee2013","United States"
"266","aneagletall","Grays, Essex , UK"
"268","remi_wagner","some where on a beach"
"269","achengula","Tanzania"
"270","angelhellf","Oklahoma City, Oklahoma"
"271","Lyr_Ric","United States"
"272","davelozo","Hoboken, NJ"
"273","TamaraBarnhart","Ohio, "
"274","slkavney","Jupiter, FL"
"275","benwyatt420","new york, not the city"
"276","ClintonHerald","Clinton, Iowa"
"277","BitzHealth","United States"
"278","FreeRxSaver","USA"
"279","TimSinclair6","The United Kingdom of Great Britain & Northern Ireland (That's a country btw.. not a union)"
"280","LouQ","Wisconsin, USA"
"281","ObaraBrian","Mombasa"
"282","salvo_Fortysix","Roma/Mondragone(CE)"
"283","kapa187","Zambia"
"284","_meetintheALLY","Good Ole' Gretna "
"285","TimeNatural1","United States"
"286","mtscompany","United States"
"287","THV11","Little Rock, Arkansas"
"288","IAmBaileyElora","Denver CO "
"290","Ohiyah_","Flagstaff, AZ"
"292","drea0626leon","arizona"
"293","SpeakofResearch","USA"
"294","flamethrower82","United States"
"295","beck_yy","MSP"
"296","BaChileya","Lusaka, Zambia"
"297","EmployeeRxSaver","USA"
"299","rjber15","Wichita, Kansas"
"300","TreCoult","United States, Earth"
"301","IMSoccerNews","Saint Paul, MN"
"302","Alex82se","Entre allí y aquí"
"303","shebemissrumsey","where ever success leads me"
"304","Ediswaycool","United States"
"305","myobstetrician","Arya from the North "
"306","bking12_bryan","Higher Love"
"308","homesHQ","Midwest, USA"
"309","Morningfiasco","Omaha, Nebraska"
"310","SWAT_Gspot","Illinois State University"
"311","tozy_b","Zambia"
"312","BrianWainyae","Lusaka, Zambia"
"313","StudJock","Missouri, USA"
"314","kbreitman27","La Habra, CA"
"315","RobinLloyd1","Bolingbrook, IL"
"316","buckrail","Jackson, WY"
"317","Dowjones5","Lusaka"
"318","TheFitnessCtr","Mountain Brook, AL"
"319","Purple_berry87","Lusaka, Zambia"
"320","_Yuppie_Flu","NAU"
"321","DanSkinnerArt","USA"
"322","serendipity127_","United States"
"323","Rhashadism","STL "
"324","highjump","Minneapolis, MN"
"325","drdetectve","Arizona"
"326","MadelineOhm","asu"
"327","pbn_deejaay","United States"
"328","JasonLo2018","United States"
"329","HennepinHC","Minneapolis, Minnesota"
"330","ErckGutierrez","México"
"331","MidwestSpecial","Rochester, MN"
"332","RafeAhmad5","<U+0645><U+062D><U+0627><U+0641><U+0638><U+0629> <U+0627><U+0644><U+0632><U+0631><U+0642><U+0627><U+0621>, <U+0627><U+0644><U+0645><U+0645><U+0644><U+0643><U+0629> <U+0627><U+0644><U+0623><U+0631><U+062F><U+0646>"
"333","WisLawJournal","Wisconsin"
"334","ForThePeopleFL","United States"
"335","dannyboi039","United States"
"336","BabluYadav47","Nepal"
"337","5150power","Bountiful Utah"
"339","TuttieTasha","Zambia "
"341","MikaylaAWilson9","Columbia, MO"
"342","TheVista1903","Edmond, OK"
"343","BumblyBiene","Missouri, USA"
"344","sadiezzz1","United States"
"345","wordsfrommysoul","United States"
"346","TravelerWife","Indiana"
"348","_ang22","Denver"
"349","SciTheComedist","USA"
"350","athetland","United States"
"351","Shoeray","Bricket Wood, "
"352","DaveAtRattlers","Arcadia, FL"
"353","Leon_ross93","Lusaka, Zambia"
"354","LutherDining","Decorah, IA"
"355","MarcellusESQ","Erie, CO"
"356","verucchi_maria","Benton, AR"
"357","DrJRMarcelin","Omaha, NE"
"358","amdiazrivera","Puerto Rico, USA (France in<U+2764><U+FE0F>)"
"359","fearless_flower","Denver, CO"
"360","helenthe30th","Memphis"
"361","WXOW","La Crosse, WI"
"362","microInfusions","Albuquerque, NM"
"365","sdglaciallakes","South Dakota"
"366","PBA_Health","Kansas City, MO"
"367","QuickerTekInc","Wichita, KS"
"368","kcawcutt","ÜT: 44.921604,-93.232332"
"369","eTweeetz","United States"
"370","TwinCitiesBuzz","Minneapolis St Paul MN"
"372","ElizaEatonStern","Aurora, CO"
"373","UNMCCOM","Omaha, NE"
"374","UNMC_ID","Omaha, NE"
"375","unmc","Omaha, NE"
"376","Alpha9571","United States"
"377","PattyCarr","Omaha, Nebraska"
"378","JayKingOtaku","Colorado Springs, CO"
"379","antigulf","University of Colorado Boulder"
"380","BatzelKathy","United States"
"381","THEJoeyPapan","Minneapolis, MN"
"382","Elizabeth19111","Bangor, Northern Ireland"
"383","PreludePress","Denver, CO"
"384","MetroPodiatrist","Richardson, TX"
"385","EricaFlores83","Orlando, Florida"
"386","weareiowa5news","West Des Moines, IA"
"387","beccaaaa15","Flagstaff, AZ"
"388","HealthTechAge","New Delhi, India"
"389","crocodilianews","United States"
"390","Peter_Kays","Lusaka, Zambia"
"391","jakadibo100","Nairobi kenya"
"392","OccuWorld","Earth"
"393","btangas_","Topeka, KS"
"395","DenverLifeMag","Denver, Colorado"
"396","nicolehunsinger","University of Minnesota '20"
"397","CollinYoGirl","Ashland, Mo"
"398","johnnie_alexndr","Tampa, FL"
"399","chrimyer","Indiana"
"400","KoreyEakers","Oklahoma City, OK"
"402","jmak202","Kingdom of Saudi Arabia"
"403","SirrBen82","Switzerland, Germany, Ibiza, Hawaii, Kuba, Iceland"
"404","NigelBigMeech","August Town"
"405","GilesDuncan2","Glasgow, Scotland"
"406","Stephendipity","United States"
"407","deefuzz","St Louis, MO"
"408","BrandoHCubs84","Jacksonville, IL"
"409","Hotelaxemurder","United States"
"410","EnsaaHayaat","Kashmir"
"411","t_money131","West Jordan, UT"
"412","945Country","Topeka, KS"
"413","SiouxlandNews","Sioux City"
"414","mabelin1994","Port Chester NY"
"415","EricVera22","United States"
"417","Sarawrzx","Indiana"
"418","colon_eddie","United States"
"419","L_adisa","Museum Hill - Nrb"
"420","Ashleygibs1","United States"
"421","sheshay70","usa"
"422","Vitotamito","America"
"423","Destinynoyes","United States"
"424","ariannab026","the trap"
"426","_jvlisa","Westfield, IN"
"427","099Webb","Russellville, AR"
"428","astralgenesis","the tip of your tongue"
"429","darryl_MR_87","Wichita, KS"
"430","Alyssaelaine4","Denver, CO"
"433","gottobe2","United States"
"434","Matthew56215986","North Carolina, USA"
"436","DrPuls","Colorado, USA"
"437","luceee_6","Kansas, USA"
"439","kimberlyrosejoh","Pacific Northwest"
"440","Spiritjoo","United States"
"441","AshleySelina___","Memphis Tn"
"442","thePaige_master","Indiana"
"443","EatNuttZo","U.S.A."
"444","TheMacalope","His woodland home on the edge "
"445","macworld","United States"
"447","kurleeq13","United States"
"448","PharmacyPodcast","United States"
"449","japerez1115","Orlando, Florida "
"450","TradCatKnight","facebook.com/tradcatknights"
"451","GeorgeL68974934","United States"
"452","TheNakedAdvice","U.S."
"453","SaludHEALTHinfo","SAN DIEGO"
"454","ProboundShaq","West Palm Beach, FL"
"455","knowitoutloud","Denver, CO"
"456","CassidyTiffani","Florida, USA"
"457","inappropriaunt","Chicago"
"458","bla9771","BRANSON,  Missouri "
"459","thirdjoseph","DKI Jakarta"
"460","WaterWavy","Springfield, MO"
"461","risslicious","Denver, Co, USA"
"462","897theriver","Council Bluffs, IA"
"463","Cockyoin","Nowhere"
"464","AE1TT","Land of Enchantment"
"465","farzanamoon","USA"
"467","Millah__J","Cumberland School of Law"
"468","kkarlea","Oklahoma City "
"469","AmplifiedA","Council Bluffs, IA"
"470","ChildrensRVA","Central Virginia"
"471","ongondo_","Oyugis, Kenya"
"472","toanbhuynhing","Minneapolis, MN"
"473","small215","somewhere "
"474","97Colonel","New Brunswick"
"475","angels_gp","CA"
"476","QveenKayBitch","Cedar Rapids, IA"
"477","Zoono_USA","United States"
"478","NaturalCures4us","earth"
"479","marou_ps","philippines"
"481","TNCRNA","Tennessee"
"482","d_may57","Bartlesville, OK"
"484","MickMacPettyWac","STL"
"485","YesBiggieYES","Lake Minnetonka"
"486","Jazzyhenryboo","Berlin, MD"
"487","cinnamonstick__","USA"
"488","deebraith1953","Florida"
"489","aboyaseer1408","yanbu"
"490","Christy_Obie","Greeley, CO"
"491","broncolee70","kansas city
"
"493","cocolasvegas64","Las Vegas <ed><U+00A0><U+00BC><ed><U+00BC><U+00B4><ed><U+00A0><U+00BE><ed><U+00B6><U+0082>Chicago <ed><U+00A0><U+00BE><ed><U+00B6><U+0089><ed><U+00A0><U+00BC><ed><U+00BC><U+00B3>"
"495","CariO4411","Beautiful So Cal "
"496","aydenparkfu","East Coast, United States"
"497","sam_tosca","Minneapolis, MN"
"499","yourbookzone","Minneapolis, MN"
"500","eliseletrondo","Flavortown, USA"
"501","horrorgamer1970","United States"
"502","DebFlute","ndn country"
"503","WilliamWwcroom","Rushville, IL"
"504","GuiltFreeTips","U.S.A"
"505","DeloitteGlenn","SoCal/U.S.A."
"506","lyssielyss27","Longmont, CO "
"507","ramiadwan","Amman"
"508","_thagrapefruit","Leicester, United Kingdom"
"509","Only_Tatasty","United States"
"510","ConservativeMag","USA"
"511","tgalebach_mo","Missouri, USA"
"512","GoodSamColorado","Lafayette, Colorado"
"513","coachfranw","Englewood, CO"
"514","ArchivistJessC","Philadelphia, PA"
"515","__sydneylynn__","Tennessee, USA"
"517","lydia_marlene_w","lydiaw@yorku.ca"
"518","mixedkiddsyd","dtx"
"519","CindyFiala","Frederick, CO"
"520","Austin11Edwards","United States"
"521","drkyliesmith","Atlanta, GA"
"522","AAHN_Nursing","Wheat Ridge, CO, USA"
"524","yourhealthtuber","United States"
"525","Guyism","New York, NY"
"526","knucklepushup","Minneapolis"
"527","DouglasStuff","United States"
"528","for2buns","Brooklyn, NY"
"529","IleanaDCooper","United States"
"530","CulturallyDeMag","New Orleans ... San Francisco"
"531","alexldurbin","Springfield/Lee's Summit MO"
"532","fcbzafra","Zafra, Badajoz, Extremadura"
"533","Skyee_mm","Wichita Falls, TX"
"534","gold_tracker","USA"
"535","PorterHill","United States"
"536","Viewsbymarcus","United States"
"539","MightieMinx","Kansas City, MO"
"540","KNIGHTSKULL031","Jakarta Selatan, DKI Jakarta"
"541","PAHMankato","Mankato, MN"
"542","BrookensRadio","Fairmont, MN"
"543","IndigoHawthorne","USA & Europe"
"544","ristiety","Manado, Indonesia"
"545","beth_holbrook8","Pittsburgh, PA"
"548","QkNuBGTYaSMW8w3","rustavi"
"549","fettyrmdn","Sumenep, Jawa Timur"
"550","MedimapHealth","Vancouver, British Columbia"
"551","sparksjay","Columbia, Missouri"
"552","r_luba","USA"
"553","lakantocanada","Vancouver, British Columbia"
"554","newsgwcom","United States"
"555","DelicaciesJewel","St Paul, MN"
"556","NJHealth","Denver, Colorado"
"557","____curlz____","chillin"
"558","OYOFITNESS","United States"
"559","elizab3thaf","Earth"
"560","superbuty6","Coralville, IA"
"561","FootbeatHealth","Grand Junction, CO"
"562","FootbeatRecover","Grand Junction, CO"
"564","RebeccaJoKnits","Indiana"
"565","Blogs_Kenya","Nairobi"
"566","TheKetoGuide","United States"
"567","ArizonaEducator","Arizona"
"568","sdagmuseum","Brookings South Dakota"
"569","LuciadelCarmen6","Nottingham, UK"
"570","RevRadioUSA","United States"
"571","DrSanda","Los Angeles"
"572","sandymbbs","New Delhi, India"
"574","FDS_nutrition","Everywhere"
"575","ermak_umk3_mkd","Jacksonville, IL"
"576","ihearthairinc","United States"
"577","GenHealthZW","Zimbabwe"
"578","eegiee","Tatar Sunda - Pangumbaraan"
"579","AltaViewHosp","Sandy, UT"
"580","Wharncliffe240","London, Ontario"
"581","Rami_JustMe","Globe "
"582","blakesh55399014","Tishomingo, OK"
"583","LisaAsanuma","Salt Lake"
"584","Shahd__Khalil","Halifax, Canada"
"585","alvinhealthcare","New York and Colorado"
"586","sahalkhojah","Jeddah, Medina"
"587","doynerdc","Earth"
"588","ElizabethLindi3","Lusaka, Zambia"
"589","VivisectionMan","Wisconsin, USA"
"590","ewhiteheaduk","Plymouth, UK"
"591","1essential2","Puyallup, Wa."
"592","JustSilkk","Kenya"
"593","00420V","United States"
"594","ItsLubinsha","Tanzania"
"595","MennettLeeLLC","CT, New England, Greater NY"
"596","bleuroux","TX | LA"
"597","BrendaSAnders_n","Minneapolis"
"598","NancySa45944060","Webster Groves, MO"
"599","mowarisa","bkk.Thailand"
"600","sparklypia","Denver, CO"
"602","NigeriaNewsNG","U.S.A"
"603","DeloitteRiskFin","United States"
"604","INDTrauma","Indiana, USA"
"606","kmitchell1990","Wisconsin, USA"
"607","katcourt78664","Houston, TX"
"608","la19kt","Missouri, USA"
"609","thatchickd","Louisiana, USA"
"611","valleygirljulie","Sherman Oaks, CA"
"612","44vreiki","United States"
"613","linanloo","United States"
"614","rosiepry","Bella Vista, Ar"
"616","ToothbrushExp","USA & Canada"
"619","WYRZBrianScott","Brownsburg, IN"
"620","VICE","Brooklyn, NY"
"621","carencey","DC metro, USA"
"622","bpas77","Saint Louis, MO"
"623","VICESports","United States"
"624","delamed","Newark, Delaware"
"625","iamkentee","Earth "
"627","kendraedits","virginia"
"628","amyglumpkin","Daphne, AL"
"629","VoteSmarts","United States of America"
"630","ExpressMedical_","United States"
"631","TUN_SOPT","Henderson, NV"
"632","WynnPharm","New Jersey"
"633","alpana_u","Upland,CA"
"634","Urbanradio","United States"
"636","ChristianCoachT","El Paso, TX"
"638","Rob_Hammond","Lincoln"
"639","JeffcoatBonnie","Oklahoma City, Oklahoma"
"640","ohsohappy62","West Coast, USA"
"641","KUnews_ebp","Lawrence, Kansas, U.S.A."
"642","tanlthib","Louisiana, USA"
"643","Sintoyia","Kenya"
"644","dapperchels","Louisiana, USA"
"648","_mandalizabeth","Salt Lake City, Utah "
"649","MaryC1958","New Jersey"
"653","DirtRoadDesign","Kingsley, IA"
"654","asinghal01","New York, NY"
"655","cornish1951","Indianapolis, IN"
"656","Chellelynn1","Earth"
"657","FreckledShelley","Louisiana, USA"
"658","DrCAlexanderFer","Los Angeles, CA"
"659","grebello73","Cranston, RI"
"660","TrumpkinAnalyst","Inner Sanctum, USA"
"661","skrnasus","Missouri, USA"
"662","dehronlee","Albuquerque, NM"
"664","EmilyDouin","United States"
"665","ssjuniorclassic","Tennessee, USA"
"666","pastortraci","Missouri, USA"
"667","StateHealthIN","Indiana"
"668","mishrapreetu","New Delhi, India"
"669","BoydPetrie","Salt Lake City, UT"
"670","EMIHealth","Murray, Utah"
"671","GloIn_TheDark","Nairobi, Kenya "
"672","PangeaUnlimited","United States"
"673","docimitor","Here and There !!! "
"674","felicia_kwaku","London"
"675","katelynlucas03","Pocatello, Idaho"
"676","DrMaria2001","New York <U+26F5><U+FE0F>Rhode Island"
"677","patricia0117","Oklahoma City"
"678","HealthDouglasCo","Douglas County, Nebraska"
"679","PizzaBrandon","St. Louis, MO"
"680","togwrlp","Manga"
"682","reddragoon_","United States"
"684","mteyo_m","Harare, Zimbabwe"
"685","mc_tanvina","United States"
"686","Migguelillo","Veracruz"
"688","lulubelle56","USA"
"689","CarSellGuru","Provo, UT"
"690","LelyLupita","Indonesia"
"691","WELCHinc","Louisiana, USA"
"692","BissChristina","Edinburgh "
"693","chinaice","Earth"
"694","katie_smatch","Topeka, KS"
"695","LNN_Magazine","United States"
"696","Dancewme430","USA"
"699","sandi_childs","Tucson"
"701","tt85207533","London Earls Court sw5"
"702","AMalegrooming","london- earls court sw5"
"703","ksdknews","St. Louis, Missouri"
"704","PetBunnyDebbie","U.S.A."
"705","BorkedBurgers","Missouri, USA"
"706","rxladyeb","Wichita, KS"
"707","V3LOCITYCOM3T","United States"
"708","MistressCnLA","Los Angeles"
"709","Khurram97011311","Punjab, Pakistan"
"710","Rachelwings13","Florida, USA"
"711","arabpig98","Alexandria, Egypt"
"712","StockGuruDotCom","United States"
"713","TulachArd","Earth"
"714","asaro_9","Jakarta, Indonesia"
"716","003inna","Orion's Belt"
"717","FSTS3787","United States"
"718","v0lsmama","Tennessee, USA"
"719","JourneysNonnie","Florida"
"720","ViralDailGlobal","United States"
"721","EndTimeHeadline","United States"
"722","Shalyndenae","Arkansas, USA"
"723","sacredgroundzs","Alberta, Canada"
"724","MsAmandaMeador","Toledo, OH"
"726","PublicHealthRTs","United States"
"727","ww_says","United States"
"728","riccio_m","Kensington, London"
"729","Shadimme","GANTSI BOTSWANA"
"730","drjcolella","Pittsburgh Pa. "
"732","ttm0710","chelsea london uk"
"734","amyashley991","Hartlepool, England"
"735","tilfellows3","Sunshine state"
"736","theDextazLab","Arusha, Tanzania"
"737","JustAnimalCare","USA"
"738","e3f3c53fc7ae44e","United States"
"739","njnawaa","Kuala Lumpur"
"740","gonemad4now","United States"
"741","EnigmaNetxx","CALIFORNIA ~ South & North  "
"742","ayanamcnair","West Coast, US"
"743","ConversionFit","United States"
"744","TimesNiger","mail:idrissuleiman94@yahoo.com"
"745","thegre8_1","USA"
"746","JBFAurora","Aurora, CO"
"747","PeterManolakos","Boston"
"748","timmask","Brandon, MS"
"750","MWB_PubHealth","United States"
"751","CCRoVa","Montreal, Canada"
"753","Sueshi11","Land of Oz"
"754","TRISTARRADIO365","Tennessee, USA"
"755","JediMaster941","Saint Louis"
"756","JoaoMartires","Timor-Leste"
"757","imagoApps","Lehigh Valley, PA/NJ"
"758","Mean_Gene_1016","Amarillo, Texas"
"759","GWCitroner","New York, USA"
"760","roziey_rose37","Trinidad"
"763","TattingChic","tattopia"
"764","OrganicLiveFood","US"
"765","Dr_OConnor","New York, NY"
"766","mary__nicholl","Denver, CO"
"767","drpatfarrell","United States"
"769","MsChellieH","Arkansas"
"770","gimmegimmegimm5","United States"
"771","BraesBladesmyth","Bella Vista, AR"
"773","htmlangel_WI","Manitowoc, WI"
"774","ZamoraConsGrp","Washington, DC"
"775","Buddhismshare","USA, Missouri"
"776","notjoshuaparker","Memphis"
"777","silvapellumbi","Albania"
"778","BRAT2469","#87 "
"780","aquafanta404","st. louis"
"781","heathnews_news","United States"
"782","SmartNutrition1","India -USA-Canada-UK "
"784","B_G_Designs","Myrtle Beach, SC"
"785","pratik_tarafdar","IN <ed><U+00A0><U+00BC><ed><U+00B7><U+00AE><ed><U+00A0><U+00BC><ed><U+00B7><U+00B3>"
"787","outbreaksci","United States"
"788","ColeSwan","Sandy, Utah"
"789","Kimbraov1","Florida, USA"
"791","_abakaniceva","Fiji"
"792","angy_ernest","Tanzania"
"793","haileyzale","Gretna, NE"
"794","USAtweetsJOBS","United States"
"795","currentplaylist","Minneapolis/St. Paul"
"796","Artistic_LH","Stretford End, 2nd tier"
"797","dr1985uae","United Arab Emirates"
"798","newswelldone","US"
"800","BlissWomenCrowd","Worldwide"
"801","UrMAJIXF4F","World Wide"
"803","ePharmacy254","Nairobi"
"804","cristylonglegs","Halifax, Nova Scotia, Canada"
"806","adams_karis","Tennessee, USA"
"807","allmacworld","United States"
"808","gokula11","tirukoilur,tamil nadu"
"809","NicholasEseko","Dar es Salaam, Tanzania"
"811","Bat83Taher","Al Madinah - Jeddah, KSA"
"812","koffisusu69","Indonesia"
"813","RCouture_Art","Grand Rapids, Michigan"
"814","KalMan42","DydeeTown"
"815","ICMRDELHI","New Delhi"
"816","marwanour2013","libya"
"817","dee_visuale","Jewellery Quarter, Birmingham"
"819","WjkoRadio","United States"
"820","WebMD","USA"
"821","chads3914","Cape Fair, Missouri"
"822","leskellerbooks","Arizona"
"823","StLouisNewsHeds","USA"
"824","AngelsGreed","Sioux City, IA"
"825","jamielbanda","Lusaka, Zambia"
"826","sarah_sarife72","United States"
"827","countrychiccott","Tennessee"
"828","PaddingtonMund1","Harare, Zimbabwe"
"829","TheRebelPatient","Los Angeles, CA"
"830","HandickyRianto","Indonesia"
"831","bogden890","Denver, Colorado"
"833","PeterJAussie","Sydney, New South Wales"
"834","BullsEyeHuntin","USA"
"835","cameroun24","Cameroun"
"836","ayuhamd","Borneo"
"837","MotherScuffer","Derbyshire"
"839","StarfleetPop","U.S.A."
"840","tisrobeans","St Louis, MO"
"841","Glory_Days_YT","United States"
"842","sugarrushdsocio","Vermont, USA"
"843","stevenacurtis","San Francisco Bay Area, USA"
"844","DoomsdayLibrary","United States"
"845","arandamdphd","California, USA"
"847","gurudarshan","Santa Fe, NM"
"848","ZO2_shoes","USA"
"849","DBHealthTips","United States"
"850","InspireInsideIX","St Peters, MO"
"851","ChonkyfireKicks","US"
"852","ShoesExplosion","US"
"854","joanturro","Catalunya"
"855","FranckJocktane","USA"
"856","PacificCove","USA"
"857","Linayo21","Lagos, Nigeria"
"858","zanga_musakuzi7","Lusaka"
"859","MzBussiee","Abuja, Nigeria"
"860","JP3Words","United States"
"861","megax8_","Newyork, USA"
"864","jolivei1967","Goiania GO Brazil"
"865","Pharel_Haag","KY"
"866","miime2","Lagos"
"867","jones_sarabeth","The Bible Belt <ed><U+00A0><U+00BD><ed><U+00B8><U+00B2><ed><U+00A0><U+00BD><ed><U+00B8><U+00A8> ....U.S."
"868","BiteMeTrump2016","United States"
"869","joanne_venice","New Jersey, USA"
"871","trendingviral17","United States"
"872","Marcella_Jonas","United States"
"873","MaduManukaNZ","Jakarta"
"874","skwidword","Wisconsin, USA"
"875","KWCHMark","Wichita, KS"
"876","iamjosephy","Moshi Tanzania"
"877","prmedicalnews","USA"
"878","mather_julia","Queensland, Australia"
"879","JKNjenga","Nairobi, Kenya"
"880","catherinehape","United States"
"881","AugieMcmilla","United States"
"882","drcirujano1","Guayaquil,Ecuador.(Sudamerica)"
"883","msphilosopher","US"
"884","barbararria","United States"
"885","marympfreyb","United States"
"886","GathersJim","United States"
"887","JonIlawrenceceo","Denver, CO"
"888","dorispmoseya","United States"
"889","dorothymmayh","United States"
"890","lynseylvaine","United States"
"891","wendiscaston","United States"
"892","edithwkilmer","United States"
"893","JacquelinHilger","United States"
"894","gertrudeblindar","United States"
"895","TammyNladde","United States"
"896","Bene_Anarchy","Kenya"
"897","rosenedoer","United States"
"898","nadiamengend","United States"
"899","JrcquslinsDiane","United States"
"900","anthonroaney","United States"
"901","elizabethhala","United States"
"902","HopeWithinChaos","United States"
"903","medicalwebtimes","USA"
"904","javaeetrainer","USA"
"905","SchuflzJeff","United States"
"906","berthanriddler","United States"
"907","adelepnegret","United States"
"908","ErnaKimsey","United States"
"909","barbaracrar","United States"
"910","Jacquelynisha","United States"
"911","UnSilencedSGT","Tennessee, USA"
"912","MGAMBILWA","Tanzania"
"913","NewsRains","United States"
"914","uzma_nisar","srinagar, J & K"
"915","Jdguzmnmua","San Diego, CA"
"916","BUHealthyHusky","Bloomsburg, PA"
"917","Chubbybearys","Jakarta Barat, DKI Jakarta"
"918","tayfishhhh","Choctaw, OK"
"919","mctashyen","Lincoln"
"920","elspeth54","England"
"921","rentalrepair","United States"
"922","KimIndivisible","United States"
"923","ktubele","Gretna, NE"
"924","gosh_254","Nairobi, Kenya"
"925","theedondollar","Zambia"
"926","VDakaSini","Tonga"
"927","DimplezBee","Lusaka, Zambia"
"928","kjones88swag","THE TOWN"
"929","LMP36244505","Leeds UK"
"930","meitaljames","USA"
"931","jonurbana1","Denver, CO"
"932","BullFan2016","Wall Street"
"933","stlnews","St. Louis, MO USA"
"934","800346LUST","United States"
"935","nigeriamedicals","United States"
"936","ShorealoneFilms","Los Angeles, CA"
"937","a_venturaaaaa","California."
"938","kamalponday","Denver, CO"
"939","xianzheng63","usa"
"941","TRUradiostation","Little Rock, AR"
"942","blakshelt0n","Tishomingo, Ok"
"943","Agri_Natural","Dodge City, KS"
"944","santasclaw","United States"
"945","Susowjanyam","Hyderabad, India"
"947","Pitchinafit1","Hmmm, where’s the march today?"
"948","ladyonyxlp","wisconsin"
"949","cazzzerole","USA"
"950","PandaChiffon","United States"
"951","TrumpChatting","United States"
"952","syqau","USA"
"953","LittletonTWalle","St Paul, MN"
"955","LovelyBones6991","United States"
"956","aganguzza","CA"
"957","DickensAwino","Kenya"
"958","YourMelKum_ke","Lincoln, NE "
"959","kriddleberger","Boulder, CO"
"960","Julia_cx_","San Diego, CA"
"961","illyvanilly27","Island of misfit toys"
"962","Fanni_020","ACO"
"963","celymonte","Minneapolis, MN"
"964","sarahe786","Pleasant Prairie, WI"
"966","helovsu","NE Washington"
"967","OzarksMaven","Webb City, MO"
"968","ZiFMNews","Harare, Zimbabwe"
"970","KingBenTheXI1","Chur, Switzerland"
"971","kernsac","Sacramento, CA"
"972","CLAUDIAGRNLL","Omaha, NE"
"973","madisonb7_","fhsu"
"975","Docallergy","Las Cruces, NM. USA"
"977","kaycee_hannifan","Colorado Springs, CO"
"979","BreyonteK","United States"
"980","loveandthelike","Memphis, TN"
"981","bibibono11","USA "
"982","chloeefoster97","Olympia, WA"
"983","KMM8313","Lee's Summit, MO"
"984","ThaboKK22","Earth"
"986","fnper","Salt Lake City"
"987","j_jrohde","USA"
"988","RoxyEndjila","Namibia"
"989","shaneaaustin","Oklahoma City, OK"
"990","Astout24","Sacramento, CA"
"992","CheetosMama001","United States"
"993","WriteCraftQuest","United States"
"995","TrailheadAndy","United States"
"996","c_maria84","Doral,Fl"
"997","duganjames","Delray Beach, Florida USA"
"999","Yubbie007","USA"
"1000","Fryfiredistrict","Sierra Vista, AZ"
"1001","candyorocks","United States"
"1002","badasselis","Albuquerque, NM"
"1003","Jebriel","United States"
"1004","MerikaGarcia","Thornton, CO"
"1005","CaseyNolen","St. Louis"
"1007","Promo2day","United States"
"1008","NaturallyKurved","Little Rock, AR"
"1010","IbrahimEurope","Nigeria"
"1012","kingz254","nairobi"
"1013","NANxox2_WOKE","United States"
"1014","erikcoates895","United States"
"1015","ryleerickel","Ukiah, CA"
"1016","MaddieBollin","MO"
"1017","raven_ladybug","Nevada, USA"
"1019","Crash2411","Tennessee, USA"
"1020","_xoxo_lynn","United States"
"1021","GeekusSpeakus","United States"
"1023","shima_mousavi","Houston, TX"
"1024","TaylorSinnwell","Des Moines, IA"
"1025","memeadikt","United States"
"1026","butterfliesblue","pending"
"1027","geoappraiser","NW Arkansas"
"1029","allenordad","Fayetteville, AR"
"1030","mumfy68","Connecticut, USA"
"1031","DamnitSaldivar","Kansas, USA"
"1032","JamsTheKuma","Edmond, OK, USA"
"1033","patrickbeezes","San Clemente, California"
"1034","chris_m00dy","qld australia "
"1035","daisful","United States"
"1036","Sell_TShirts","Missouri, USA"
"1037","newsandjava","U.S."
"1038","RiverMonsterInc","Wichita, Kansas"
"1039","TashiannaJones1","Wichita, KS"
"1040","timparish511","United States"
"1041","LauraLaLaHarvey","Broomfield, CO"
"1042","v0lkano","DSM"
"1043","kaitlynShiannee","Winter Haven, FL"
"1044","romanryder","United States"
"1045","JamieMcCall","6 Countries in 6 Months!"
"1046","_KenyaE","United States"
"1047","SOUTHEASTBEAST2","Kansas, USA"
"1048","cranebabe2004","United States"
"1049","jeremiahtolbert","Lawrence, Kansas"
"1050","WWEAnand143","United States"
"1051","_caramelcutiee_","pending..."
"1052","vanilla_chi_tea","CA"
"1053","MakaylaLynnKin1","United States"
"1054","No3rdWaveFem","United States"
"1055","abbyfulton97","Topeka, KS"
"1056","Nuevomedio","Earth"
"1057","havocmarketers","Boulder, Colorado"
"1058","Madelyne_Maag","Columbia, Missouri"
"1059","funlaughinlady","United States"
"1060","chiabieber90","usa"
"1062","VTHokie2007","United States"
"1064","dayrin015","Nebraska, USA"
"1065","its_MissAshley","CA"
"1066","aviator1865","42.664602,-83.132946"
"1067","tilo423","Clive, IA"
"1068","JuanaDeArcoFr","Mi Causa es #Venezuela"
"1069","DementedWarlok","Indiana"
"1070","gusbic","Boston, MA"
"1071","dust2dust34","Denver, CO"
"1072","IMIMN1","United States"
"1075","conspiracybot","Bunker"
"1076","np74834","Oklahoma City, OK"
"1077","UreB31ngC0nn3d","United States"
"1078","EliciaRopte","Des Moines, IA"
"1079","GhosalNetai","Chandrakona, India"
"1081","JohnKish20","NW Louisiana, USA"
"1082","chels_chels95","Where I am "
"1083","ashllynn_","CA"
"1084","lisakitter","Arizona"
"1085","Trollificent","Earth"
"1086","destiny_shortt","Winter Haven, FL"
"1088","NolanRandall14","Small Town, Iowa"
"1089","useronthegrid","United States"
"1090","TheyCallMeKaels","Canyon, TX"
"1091","julia_phif","WISCONSIN"
"1092","lucianalisss","Teresina, Brazil"
"1093","lea_nicky","Roanoke, TX"
"1094","andra_tirdea","Traveling "
"1095","hello_itsliv","Owasso, OK"
"1096","Josh_R_Turner","Rogers, AR"
"1097","health_anbeauty","United States"
"1098","_jadee93","Memphis "
"1099","KDrama_Fever","U.S.A."
"1100","lillygreywater","Chaska"
"1101","ejungmeyer","Arizona, USA"
"1102","BLGSinYEG","Alberta"
"1103","LeaSyd92","Joplin, MO"
"1105","LoriPleiness","Cedar Rapids Iowa"
"1106","Miia_ann","St Louis, MO"
"1107","SandiSchorr","Staten Island, NY"
"1108","AubreySteinbri1","United States"
"1109","McalesterSam","McAlester, OK"
"1110","KarenBarbosa61","California, USA"
"1111","jenniferbijan","Moore, OK"
"1112","MyBariatricBox","United States"
"1113","CelinaSummers","Tennessee, USA"
"1114","EmilyP_RN","Minneapolis, MN"
"1116","wanjirukihusa","Nairobi"
"1117","scarlettxbabyy","United States"
"1118","chauneuf","nowhere"
"1119","Mtweetie4848gm2","Virginia, USA"
"1121","lyschen_","Derby, KS"
"1122","virginialhubbs","yukon,okla"
"1123","MAhealthforkids","Massachusetts, USA"
"1124","Anna_ohlala","USA"
"1126","laura_mae03","Tulsa, OK"
"1127","a_fathers_hope","Florida, USA"
"1128","jadeamber19xx","Minneapolis, MN"
"1129","Tinakrebs3","Alliance, NE"
"1130","CurlsandCurvez","United States"
"1131","dvet79","Tahlequah, Ok."
"1132","Math4Everybody","USA"
"1133","Peel_I_am","Little Rock, AR"
"1134","JVail19","Missouri, USA"
"1135","amylaurentravel","United States"
"1136","Moscynski","United States"
"1137","urraburu","Montevideo, Uruguay"
"1138","PharmaDecisions","San Francisco"
"1140","ArchibaldGavan","Denver, CO"
"1141","TheeScotsman","America"
"1142","leitch_sherry","Des Moines, IA"
"1143","WI4Palin","Wisconsin, USA"
"1144","lasnpatterson","Miami, FL"
"1145","sh3lbie_16","United States"
"1146","jonaleesearcey","Kansas City"
"1150","LalaCarolan","USA"
"1151","HenryLeerhenry","Olathe, KS"
"1152","JBirdDaBadman","The United States of America. "
"1153","lauren_hicks_lh","Colorado Springs, CO"
"1154","ARudiRudolph","Saint Paul, Minnesota"
"1155","mjenks32","North By God Carolina"
"1156","FungaiSJ","Bahia, Brazil"
"1157","PritchettKristi","Whitewright Texas"
"1159","LarsonElaineM","Pacific Time Zone."
"1161","Amanda_Rabalais","Little Rock, AR"
"1162","servant691","Tennessee, USA"
"1163","theycallmepay_","Memphis, TN"
"1164","bonitabrianaa","Texas, USA"
"1165","iceman9518","United States"
"1166","Keikeo91","Dont Worry About It, USA"
"1167","jamaya_lei","memphis."
"1168","amystrattonn","Colorado"
"1169","Trace_Ja_mes","Guyana, South America "
"1170","JustinJT_Esq","United States"
"1171","rapidsrabbi","Denver, CO"
"1172","Katie_Lovelyy","Denver, CO"
"1173","RainManMindset","Ohio"
"1174","LaramieLive","Laramie, WY"
"1175","nashvillenicole","Denver, CO"
"1176","ktjuju","Little Rock"
"1177","stacias219","Des Moines, IA"
"1178","itskimberly10","michigander"
"1179","MathMamaB","Tennessee"
"1180","kenzierae2015","Chadron, NE"
"1181","CKSonne","Madison, WI"
"1182","remontkvartir","United States"
"1183","emery_kaye","kansas "
"1184","Jamiefriess20","Michigan, USA"
"1185","WEwmgrm","United States"
"1187","Miller_J_A","Indiana "
"1188","FOX23BradCarl","Tulsa, OK"
"1189","SherriStatham","Missouri"
"1190","g_oyola","Brisbane, Queensland"
"1191","WriterJordyn","Albuquerque, NM"
"1192","HaivenRaine","Antlers, OK"
"1193","Got_Carr","Earth "
"1194","TheCheekyGinger","Kansas City"
"1195","nba_season2018","United States"
"1196","LadyMislon","Wandering the northwoods, WI"
"1197","KanourStephanie","Ottumwa, IA"
"1198","El_Flu","illadelphia"
"1199","Howtobefit","Albuquerque, NM"
"1200","pax_am_summer","America "
"1202","gzr3625","United States"
"1203","AHA_PGJohnson","USA"
"1204","ElCronicante","Lima, Perú."
"1205","chichito46","Shawnee, KS"
"1206","TyroneGJohnson1","United States"
"1207","nocovfefe","United States"
"1208","gtuinstra11","Stillwater, OK"
"1209","CrazyRxMan","United States"
"1210","senyorangelo","Earth"
"1211","Carmon21482266","Owasso, OK"
"1212","xLord_Finessex","4's Up | FLA <ed><U+00A0><U+00BD><ed><U+00BB><U+00A9> KC"
"1214","JDoolzMcScouty","Tennessee "
"1215","shriver_amy","Des Moines, Iowa"
"1216","Iove_bots","<ed><U+00A0><U+00B5><ed><U+00BA><U+0099><ed><U+00A0><U+00B5><ed><U+00BA><U+008A><ed><U+00A0><U+00B5><ed><U+00BA><U+009B><ed><U+00A0><U+00B5><ed><U+00BA><U+0094><ed><U+00A0><U+00B5><ed><U+00BA><U+008E><ed><U+00A0><U+00B5><ed><U+00BA><U+009B> "
"1218","vwg449","West Virginia, USA"
"1219","_haleydarling","Bye bye baby "
"1220","gdiepenbrock","Lawrence, Kan."
"1221","cwbig123","United States"
"1222","ecochildsplay","CA"
"1223","Slim01591727","United States"
"1224","GeraldineKestn2","Washington State "
"1225","Jonwooderman","USA"
"1226","garryowen_1_7","Arizona"
"1227","ABBeditor","Saint Joseph, MO"
"1228","LynnNodland","Minneapolis, MN"
"1229","KaraLeighHubbar","Cedar Hills, UT"
"1230","ClotCare","USA"
"1231","shoozietoo","United States"
"1232","lsmoore2405","USA"
"1233","baay615","Shawnee, OK"
"1234","cmrxdriguez","We$t coast"
"1235","IsabellaZayani","Albuquerque, NM "
"1236","_Mercedes_Smith","CA "
"1237","stevie_gore","Arizona"
"1238","spacexnic","Lima, Perú"
"1239","mikeetheprude","Minneapolis, MN"
"1240","BacchusVines","United States"
"1241","cannabistweets3","United States"
"1242","hotfire86","USA"
"1243","libsuecho","United States"
"1244","kennbreak","Missouri, USA"
"1245","yazziees","Turtle Island"
"1246","Mookiebri","United States"
"1247","jorgeescudero77","UE"
"1249","WalterRHubert","Brasil"
"1250","SourceDocu","United States of America"
"1251","ShineBright74","Little Rock, AR"
"1252","BrianMSTL","St Louis, MO"
"1253","FwamJoro","Jos, Nigeria"
"1254","AyuNandaPratiwi","makassar,Indonesia"
"1255","epitomewellness","United States"
"1256","themessednest","Salt Lake City, UT"
"1257","lizzie_shelby","McKinney, TX"
"1258","Onenotsoclassyb","Minneapolis, MN"
"1259","punkassaudrey","United States"
"1260","DeannaMc1","USA"
"1261","emily_emmers","Idaho, USA"
"1262","hschlent","Nevada"
"1263","EthanMCrane99","USA"
"1264","LewCandoit2","Cedar Falls, IA"
"1265","siskavalentino1","Samarinda"
"1266","slasher48","Ivan is a glorious masc human being."
"1267","Blondie520","S-town, OK"
"1268","denijan94","West Des Moines, IA"
"1269","izzaboo","Buffalo, WY 82834"
"1270","ridesmith","among the radiant #prabhasvara"
"1271","Real_CL_Norris","United States of America"
"1272","tiarrabanks1","Missouri, USA"
"1273","AUCResearch","Arizona, USA"
"1274","McKenzie698","Stillwater, OK"
"1276","foxwithmee","Omaha, NE"
"1277","TnInernational","Oklahoma City"
"1278","Shabbieee_","university of iowa"
"1279","CityDocResearch","Dallas, TX"
"1280","black21vanilla","Indonesia"
"1281","TheDark__Shadow","United States"
"1282","STAR1025","Des Moines, Iowa"
"1283","StepNpull","Springfield, MO"
"1284","joligoebel","United States"
"1285","ptconklin","Clear Lake, IA"
"1287","BrentDaniels_","The County"
"1290","DonnaKi86960276","Louisiana, USA"
"1291","Rekozu1","United States"
"1292","KSU_NABC","Manhattan, KS"
"1293","omar_carrion","Latin America"
"1294","MacCocktail","New Orleans"
"1295","cali_wolf","Denver, CO"
"1296","gpejacobi","Colima"
"1297","ladonnapietra","Albuquerque"
"1298","WellnessCtr101","United States"
"1299","JoylKendrick1","Fort Smith, AR"
"1300","PAT_riot_ACT","USA"
"1301","realistnilla","Wisconsin, USA"
"1303","JenniOrozco28","Raytown, MO"
"1304","Vitoria_Flu","São Gonçalo, Brasil"
"1305","kristinaann4","479|501"
"1306","ArtieJMorris","Arkansas"
"1307","joanna626","United States"
"1308","loljazzeh","russellville, ar"
"1309","According2Robyn","Wisconsin, USA"
"1311","BrianEub","Olathe, KS"
"1312","laurenkaysims","Boulder, CO"
"1313","playoutsidegal","Calgary, Alberta, Canada"
"1314","SashaInkFeather","Salt Lake City, UT"
"1315","laura_sprague","kansas"
"1316","M1Martel","Nowhere"
"1317","bjh2770","United States"
"1318","Jennife83124569","Texas, USA"
"1319","uk_builder","Northampton, England"
"1320","microphonephoen","NYC"
"1321","lynayerickson","South Dakota, USA   "
"1322","IMomsConnect","USA"
"1323","EloyAlfaroB","Panamá"
"1324","Jay_694","Wisconsin, USA"
"1325","MC_PublicHealth","Grand Junction, Colorado"
"1326","Meiguroshi_","Indonesia"
"1327","DreamRitual","Missouri"
"1328","GrimReaperInc","Closer than you know "
"1329","jenbearokc","Oklahoma City, OK"
"1330","dannymarie1222","Muskogee, OK"
"1331","kastro_chris","United States"
"1333","normanregional","Norman, OK"
"1334","mollyvanessas","Oklahoma City, OK"
"1335","Bunnybabib","Brasil"
"1336","BetsyGerrein1","Cincinnati, OH"
"1337","Bryanjunior19","Tanzania"
"1338","DRGtweets","Boston, MA"
"1339","CAsunshinegal","Planet Earth"
"1340","KellyJeanJames","Cheyenne, WY"
"1341","WvTrump","West Virginia, USA"
"1342","Nu_Flash_Prose","USA"
"1346","PaulKaneShadow","Derbyshire"
"1347","unitedheraldorg","United States"
"1348","taigh_lurr","Tennessee, USA"
"1349","Keythe1","United States"
"1350","ChpVintage","USA"
"1351","lyssaaaa__18","United States"
"1352","Iam_Ngoni_","Mutorashanga"
"1353","JBGoodbody","Missouri, USA"
"1354","R_Maisel","Council Bluffs, IA"
"1355","ErinOfAlaska","Alaska, USA"
"1356","skeIetonvirus","United States"
"1357","CinnamomRoll_","Wisconsin"
"1358","sunnyk8quist","Madison, WI"
"1359","CarsaScheas","Satellite of Love"
"1360","Angel19722","Omaha Ne."
"1361","HHSRegion7","Kansas City, Missouri"
"1362","SamanthaCotter9","America "
"1363","bowiememeXD","St Louis, MO"
"1364","ayee_yamila","Dallas, TX"
"1365","heval_gevara","earth"
"1366","aafp","Leawood, KS"
"1367","kingtungsten","United States of America"
"1368","_Carja","Michigan"
"1369","charli_roberton","United States"
"1371","milkjeonghan","J<ed><U+00A0><U+00BC><ed><U+00BC><U+00B9>"
"1372","NewsGrit","United States"
"1373","GoldenRadioAge","USA"
"1374","camm_23_","Murray, UT"
"1375","cliveomullings","Miramar FL"
"1376","most_of_the_usa","United States"
"1377","BR_ForceOne","Brazil"
"1378","sylizziewoo","United States"
"1381","JWag85","America"
"1382","deankrosecz","Houston, TX"
"1383","sleepycircus","BayArea,CA."
"1384","toptentogo","United States"
"1385","moxiemom","United States"
"1386","frozen_fever","Kansas City, MO"
"1387","drsharonzang","Hulbert, Oklahoma"
"1388","HumamNature","Brasil"
"1390","BrianaEdwards95","ICT, C-137"
"1391","bailey5337","saint louis university"
"1392","HoneyChoook","OT"
"1394","BoredReasons","Earth."
"1395","DrDanPompa","Ogden, Utah"
"1396","AmazngBookZone","Minneapolis, Minnesota"
"1397","SPLITCONNECTION","USA"
"1398","emuirhead","USA"
"1401","SpringfieldPV","Springfield, NE"
"1402","Blackdollarz11","Missouri, USA"
"1403","MABarrettWrites","Boston, MA"
"1404","MacGustafson","Colorado Springs"
"1405","forever074","USA"
"1406","inkandpaper17","US"
"1407","soychemist","California"
"1410","emilygrace2004","United States"
"1412","DaisyFlowers_16","Tracy"
"1414","_Emanlei2898_","United States"
"1415","SuitcaseAllergy","Stowe VT, USA"
"1416","NukedHistorian","Kearney, NE"
"1417","annie_amountain","Dela-where?"
"1418","caseuuuuu","Minneapolis, MN"
"1419","DeloitteHealth","United States"
"1420","ahbagiyo","Jakarta"
"1421","KirnLynxAthleti","Council Bluffs IA"
"1423","Importantnotimp","Earth"
"1424","Itsme060602","United States"
"1425","GoganianSue","Boston, MA"
"1426","RenaPippiDon","Massachusetts, USA"
"1427","PhilDeCarolis","Southern California, U.S."
"1428","woahmichaela","Denver, CO"
"1429","breannagale","Arizona "
"1432","WestLibertyCSD","West Liberty, IA"
"1434","RickArnoldCRS","Sioux City, IA"
"1435","wlester66","Bakersfield, CA USA"
"1436","MOFACT","Jefferson City, Missouri"
"1437","tcmackin","Bloomington, MN"
"1438","MOKIDSCOUNT","Missouri, USA"
"1439","jenniferdelindq","Colorado"
"1441","bouldercohealth","Boulder County Colorado"
"1443","katefoxx15","Houston, TX"
"1444","EscoYessicaa","Bethany, OK"
"1445","Rell_Lauren","Brooklyn, NY"
"1446","SafeLibraries","USA"
"1447","san1tdm","Granite Bay, Ca"
"1450","GeminiGingerYT","Ogden, UT"
"1451","McBlondeLand","United States"
"1452","DaveOnTap","United States"
"1453","tapiiwanashe","Harare, Zimbabwe"
"1454","brian480480","Arizona, USA"
"1456","LawsBaBiiGrL615","Branson, Mo"
"1457","Peresson79","Florida"
"1458","highupband","Omaha"
"1460","franceschinian2","Ontario, Canada"
"1461","LovToRideMyTrek","Atlanta, GA"
"1462","heifer109","USA"
"1463","bigdramatic","United States"
"1465","mritapatterson","Pasadena,Texas "
"1466","eDocAmerica","Little Rock, AR"
"1467","RealMikeNapa","United States"
"1468","realreginahicks","Atlanta, Ga"
"1469","kttk234567","Satire, USA"
"1470","patchofdarkness","Arizona, USA"
"1471","trumps_feed","Washington, DC"
"1472","DRUDGE_REPORT","US"
"1473","tayyjamm","Guthrie, Ok"
"1474","wizardQi","USA"
"1475","appliedsoft","Florida, USA"
"1476","mhfbdenver","Denver, CO"
"1477","sexy_laticia","United States"
"1478","TheTristenL","Kansas City, MO"
"1479","GoettschMary","Rio Pinar, FL"
"1480","huskerbrad10","Lincoln, Nebraska"
"1481","Dimyoficial","Brazil"
"1483","dnartsdesk","Lincoln, NE"
"1484","billdamon","Boston, MA"
"1485","VidGameFreedom","NY Metro"
"1486","sarahburnes","Brooklyn"
"1487","SarahFrMassage","Park City, UT"
"1490","heatherbelle585","Midwest !!!!"
"1491","liliesparza_","CA"
"1492","and_McDowell","United States"
"1493","KateAdamick","New York, NY"
"1494","Bua_Ni_Viti","Nadi, Fiji"
"1495","trevorrayhons","Cedar Falls, IA"
"1496","OutdoorFamMag","The World."
"1497","TheresaMackin9","Massachusetts, USA"
"1498","DanWheatley4","LIVES IN BATH, ME- from New Haven,Ct"
"1499","ls_fry","Silicon Valley USA"
"1500","LoriMcMullin","Midwest"
"1501","RayFirszt","Salt Lake City, UT"
"1503","MissouriAAP","Jefferson City, MO"
"1505","MECPrivacy","DC, LA, and airports worldwide"
"1508","n1cklan1er","Wichita Falls, TX"
"1509","mferrini","Bay Area, CA"
"1510","julieduzyoga","Minnesota, USA"
"1511","naimanasir","Jos"
"1512","grayron","Flagstaff, AZ"
"1513","EGIDmommy","Kansas, USA"
"1514","CreativeGMSpage","USA"
"1515","Emissourian","Washington, MO"
"1516","CallCoryCom","USA"
"1517","judgeslet","Behind the bench/Florida "
"1518","PaulaOH2NV","Nevada, USA"
"1519","SyedOusman","Levittown, NY"
"1520","whiskyjack42","Canada"
"1521","lzut31","Québec, Qc Canada"
"1522","__miriammm","United States"
"1523","Bitte__B","Sweden"
"1524","memwarrantygirl","Memphis"
"1525","Monaca6","SC"
"1526","Canna69474868","Philadelphia, PA"
"1527","Barbara_Gare_Y","Adelaide"
"1528","kstonejones","Worcester, MA"
"1529","OneKindOfBlue","USA"
"1531","LivingBetter50","United States"
"1532","Blu3RSX","Planet Urf"
"1533","juliettekayyem","United States"
"1534","HSS_EMSolutions","Denver, CO"
"1535","RobertYates1982","Little Rock, AR"
"1536","all4mommies","United States"
"1537","Monkeysponk_","Florida, USA"
"1539","shiftclick","Bettendorf, Iowa"
"1540","kennylecanine","Kanto"
"1541","Nataizya_Ali","Lusaka,Zambia"
"1544","at254Kenya","Nairobi, Kenya"
"1545","keyonjala","United States"
"1546","denisekiles","Louisiana, USA"
"1547","analyticsprnews","USA"
"1548","katieesmitth14","Lawton, OK"
"1549","MWindelspecht","Earth"
"1550","arnold5508","Jakarta"
"1551","elitisticna","crossroads"
"1552","MoGov","Missouri"
"1553","DjCANDLESTiCK","Purple, Texas"
"1554","DavidSlusky","Lawrence, KS"
"1555","aurelliaparks","w/ jayce"
"1556","Three_Ten","USA - Midwest"
"1557","TransparentPloy","The Forbidding Interior, USA"
"1558","liz_lapoint","U.S."
"1559","reyesvicky_","Little Rock, AR"
"1560","nubbinspet","United States"
"1561","cstlnau","Flagstaff, AZ"
"1562","earthtolynette","CA"
"1563","cdhouch","St Louis, MO"
"1564","NewEnglandMomma","Massachusetts, United States"
"1565","_alexisstrader","somewhere in oklahoma "
"1566","kidoctr","Enid, OK"
"1567","aLITssatorres","Stillwater, OK/ San Antonio,TX"
"1568","cupcakesonkav","Little Rock, AR"
"1569","alauramassage8","Mobile"
"1570","thegirlaglow","Minneapolis "
"1571","Siubhan_H","United States"
"1572","onthecornernow","USA"
"1573","MsOCHubbard","Chicago"
"1574","Babalo000","Matatiel ,Durban, South Africa"
"1575","kamri_jo","dionte davis<U+2728>"
"1576","Lyssabaybee1998","Oklahoma City, OK"
"1577","KesterWyette","kyle wooten.<ed><U+00A0><U+00BD><ed><U+00B2><U+009B>"
"1579","LilFamAdventure","Oklahoma City, OK"
"1580","Trying2GAF","Memphis, TN"
"1581","gunnoe_chris","United States"
"1582","lpinsurance","Memphis, TN"
"1583","IrreverentGal","United States"
"1584","SkidneyVee","Rylos"
"1585","TKHirschfeld","University of Oklahoma"
"1586","foxfaeble","United States"
"1587","jackpresscott4","United States"
"1588","SarahDille099","Louisiana, USA"
"1589","annikarigglee","Utah, USA"
"1590","BootyBoo93","United States"
"1591","TheBridgeComo","Columbia, MO"
"1592","eileenstanke","United States"
"1593","BelleReaver","Gotham"
"1594","juanalacubana_","Kansas city"
"1595","delzorros"," USA "
"1596","waifusfuneral","Lawton, OK"
"1597","Tonnie_Taller","Thika"
"1598","alexaflotsam","St. Paul"
"1599","MicroPeen","Portland, OR metro "
"1600","JeanieSovereign","Jennings, LA"
"1602","illmill17","Boobtown USA"
"1603","LPELeaders","Parker, CO"
"1604","PerrineWinery","College Station, TX/ Aggieland"
"1605","BlaqqCassieDee","Auckland park, johannesburg "
"1606","wickedoctober","Northern Virginia/DC Metro "
"1607","starloey","bkg"
"1610","jennalynponraj","earth"
"1611","sayareyouh","662"
"1614","Slantastic","Somewhere, being awesome"
"1615","ImmunizeCOKids","Colorado"
"1616","WaChitsa2","Alice, South Africa"
"1617","aspenBRIDGET","Aspen, CO"
"1618","MelissaRadio","Denver, CO"
"1619","_buddahfly","Lusaka, Zambia"
"1621","jibunsenki","HI"
"1622","Koeksisterment","BSc - Physics // <U+0647><U+062F><U+0627> <U+0648> <U+0631><U+062D><U+0645><U+0629>"
"1623","AHA_EmPOWERED","USA"
"1624","Keellcc","Conway, AR"
"1625","mayelamen2a","Denver Co"
"1626","onegoodwoman39","Arab, AL"
"1627","hogulzt","Jakarta"
"1628","joebiscocho","Greenwich, CT"
"1629","jr_houser","Midwest"
"1630","MissWittank","Sofa"
"1631","sierrabrinegar","Missouri, USA"
"1632","Ms_Ndinda","Nairobi"
"1633","NurseswthHeart","Santa Fe, New Mexico"
"1634","elephantsoap","Kansas City MO"
"1635","Adrian89992313","United States"
"1636","_justinepaige","Los Angeles"
"1637","wearethirdstory","NYC"
"1638","dr_schnuffies","United States"
"1639","masonjmauro","Sioux City, IA"
"1640","IAmTheSassyCat","Lehi, UT"
"1641","DavidGX","United States"
"1642","spire2inspire","United States"
"1643","A1Gynx","Conway, AR"
"1644","mikhailsam7tp","United States"
"1645","TornadoQuest","Tulsa, OK, USA"
"1646","CedarSpringsRx","Tuttle, OK"
"1647","BStacksLUFC","Little Rock, AR"
"1648","ashley9496","Probably somewhere in cali<ed><U+00A0><U+00BC><ed><U+00BC><U+00B4>"
"1649","HumphreyChimed2","Harare"
"1650","100TahunRI","Indonesia"
"1651","CiaoAlejandra","Unknown, USA "
"1652","kathleen_kupris","St Paul, MN"
"1653","dameioneokc","Oklahoma City, OK"
"1654","Kyeeezyy","edmond"
"1655","brydprst","Orem, UT"
"1656","Jhic709365","United States"
"1657","Star1063tsv","Townsville"
"1658","CharlesRuiru","Nairobi, Kenya"
"1659","gorigujarati","United States"
"1660","skellfanboy","Kansas, USA"
"1661","danidoesPR","Long Beach, CA"
"1662","GuiltyasSinn","United States"
"1663","Chamvary","Harare"
"1664","KiltedCasper","Burnaby, British Columbia"
"1665","Gateri_jnr","Nairobi,kenya"
"1666","Mati_M2424","En algun lugar de Chile"
"1667","peachyymama_","United States"
"1668","CaliVaxChoice","CA"
"1669","fuccboytroy","Salt Lake City, UT"
"1670","Blakesshelt0n","Tishomingo, OK"
"1671","SarahGraves143","Louisiana"
"1672","alexeadamsx","Stillwater, OK"
"1673","anngoldah","Borneo"
"1674","SassyFemales","Iowa City, IA"
"1675","themmaway","London, UK"
"1677","Futuredontics","United States"
"1678","saduenow","Saint Paul, MN"
"1679","FactsMathLogic","Midwest"
"1680","Dnissearguello","United States"
"1681","Cosmus12","Machakos"
"1682","orinoktarinn","padang"
"1683","drkdhoffman","US"
"1684","lucysanchen","United States"
"1685","tourlady","US"
"1687","FGVBrazil","Brazil"
"1688","parks_emily_","United States"
"1689","GeneWillis","Roeland Park, KS/KC, MO"
"1691","colorlust","Kansas City, MO"
"1692","PattyLeimel","Hawaii, USA"
"1694","AnneTheWriter1","Illinois, USA"
"1696","NaturalRuthie25","Missouri "
"1697","Janela_X","Moray"
"1698","JayDubcity16","anytown, USA"
"1700","Zehniths","USA"
"1701","JoSantisteban","Pale Blue Dot"
"1703","DrunkenHistory","United States"
"1704","durangocom","Durango, CO"
"1705","alarconm620","Gardner, KS"
"1706","BabyFaceMemen_","+A"
"1707","DavidJSpellman","Wynantskill NY"
"1708","OmgggSusiee","Kansas City, MO"
"1709","PhonyBillKelly","Parts Unknown, New Jersey"
"1710","MissLizGallo","United States"
"1711","travellaney","Tahlequah, OK"
"1712","WfcMegastore","The Vale"
"1713","Power100TSV","Townsville, Queensland"
"1715","austinjwalker","Little Rock, AR"
"1716","MychalElizabeth","Ada, OK"
"1718","CentralBankSTL","St Louis, MO"
"1719","Round_News","USA"
"1720","rvaughnmd","St. Louis"
"1721","gemtorresrn","Antwerpen, Belgium"
"1722","haresettt","Wichita, KS"
"1723","DavidLandreth11","United States"
"1724","AromaTools","Pleasant Grove, UT"
"1725","jfmupangwa","Harare, Zimbabwe"
"1726","SonusBenefits","St Louis, MO"
"1727","mizz_nayomie","lusaka_Zambia"
"1728","HannahROros","USA"
"1729","HomesMSP","Minneapolis, MN"
"1731","sma_lv","Las Vegas"
"1733","danny_bogus","Bellevue, NE"
"1734","CrestonChamber","Creston, Iowa"
"1737","KultureStach","The Aether"
"1738","alsaeedalih","<U+0627><U+0644><U+0645><U+0645><U+0644><U+0643><U+0629> <U+0627><U+0644><U+0639><U+0631><U+0628><U+064A><U+0629> <U+0627><U+0644><U+0633><U+0639><U+0648><U+062F><U+064A><U+0629>"
"1739","JoneeW","Davenport"
"1741","PassionPartyUS","Moline IL "
"1742","AleeLauraa","Norman, OK"
"1743","mozzierobot","Brazil"
"1744","mykomc","Branson, MO"
"1745","ebelog","Minneapolis"
"1746","ChadwickSeetsJr","Stanley, WI"
"1747","NotThatTomGreen","America."
"1749","stan_cal","Minneapolis, MN"
"1750","RIHospital","Providence, RI"
"1751","LarsenTwin1","Platteville, WI"
"1752","Katolicity","Queensland, Australia"
"1753","EverydayHealth","United States"
"1754","BioForward","Wisconsin"
"1755","BoardVitals","USA"
"1756","movematcher","United States"
"1758","luigi_flu","Brasília, Brasil"
"1759","presale","Earth"
"1760","Eat_THA_maN","East Memphis"
"1762","TheDKking82","Missouri, USA"
"1764","NikbakhtHamed","London, England"
"1765","CHANNEL428","United States"
"1766","RLACC","Northwest Arkansas"
"1767","paoniacolorado","Paonia, CO"
"1768","WomenHealthStyl","United States"
"1769","peace_and_guns","Nine oh one"
"1770","Stayathomegamin","Sioux City, IA"
"1771","DrLauraRicci","United States of America "
"1772","srmurphy1","Somewhere blending in. "
"1773","Hannah3219","Texas, USA"
"1774","JamesOn66552195","Rhode Island "
"1775","mphsartlover67","Memphis, TN"
"1776","teeluke1018","United States"
"1777","peopleswloo","Waterloo, IA"
"1778","Tmwakesi","Mombasa, Kenya"
"1779","WI_Proud","La Crosse, WI"
"1780","DandC","Rochester, NY"
"1781","HigherEdTimes","USA"
"1782","Bindy_417","United States"
"1784","TSearcaigh","United States"
"1785","adeaha_","Jakarta"
"1786","kris10castiyo","Louisiana, USA"
"1788","KIKNCountry","Sioux Falls, SD"
"1789","onearmmofo","Where The Fun Is"
"1790","NickBaldwinMMA","Winnipeg, MB"
"1791","Nate_Taylor","Summerville, SC"
"1792","HowCureAcne","United States"
"1793","TheTruthJackson","Houston, Tx"
"1794","danimurphy_74","Cadott, WI"
"1795","patmiletich","Bettendorf, Iowa "
"1796","mcharcuterie","St. Louis"
"1797","Prynce_Vynce","Amarillo, Texas"
"1798","SydSIays","Tennessee, USA"
"1799","HoCDirector1","Marshalltown, IA"
"1800","Em_WaNdo","Minneapolis, Minnesota"
"1801","ebookspdffree","USA"
"1802","JRMcCarty51207","Guthrie, OK"
"1803","Kcumb","Kansas City, Missouri, USA"
"1804","simxsimba_","From St. Louis"
"1805","AdventureProMag","Durango, CO"
"1806","JohnsTwist","St Paul, MN"
"1807","Mateojankovich","United States"
"1808","scripturienting","United States"
"1809","elizabethsasy","United States"
"1810","Vivi11G","France"
"1811","SorroDoyle","United States"
"1812","sloppytortilla","Stillwater, OK"
"1813","PhelanDay","Louisiana"
"1814","bereghostgames","USA"
"1815","giulianaramirez","scottsdale, az"
"1816","Sand_Write","United States"
"1817","UTHSCRefDesk","Memphis, TN"
"1818","AlanStainge","United States"
"1819","NgusdyenUna","United States"
"1820","pet1713","Houston, TX  Kingwood <ed><U+00A0><U+00BD><ed><U+00B5><U+0087>"
"1821","niightslash","United States"
"1822","HchesonCarl","United States"
"1823","ElliaStewart","United States"
"1824","matthewcerou","United States"
"1825","K0jiii","United States"
"1826","EsbecG","United States"
"1827","KCStar","Kansas City, Mo. "
"1828","VenusBaird2","United States"
"1829","addiet101","Taylorsville, UT"
"1830","TheodreGranier","United States"
"1831","thomasnales","United States"
"1832","DayieAmanda","United States"
"1833","OfelaKnapp","United States"
"1834","andymarso","Kansas City, MO"
"1835","jacquelineyferd","United States"
"1836","marytstoddar","United States"
"1837","ArnitaBaira","United States"
"1838","times_usa","United States"
"1839","meredithltayl","United States"
"1840","HollieMcgeoc","United States"
"1841","nancylevany","United States"
"1842","laererKieae","United States"
"1843","FrancklinBet","United States"
"1844","sarajfolsej","United States"
"1845","patriciurim","United States"
"1846","SophieRaees","United States"
"1847","melissasbonniem","United States"
"1848","marlenemartia","United States"
"1849","CiaraTurco","United States"
"1850","BambieShep","Wisconsin, USA"
"1851","rhondartho","United States"
"1852","laurieflynan","United States"
"1853","Stephanieemmett","Clifton Colorado"
"1854","HealthPRNews","USA"
"1855","eileenhuangmph","United States"
"1856","matalawin","Modesto, CA"
"1858","SpecialJanni","San Juan, Puerto Rico"
"1859","politicalHEDGE","United States"
"1860","KAKEnews","Wichita, Kansas"
"1861","disabledsenior","Wisconsin, USA"
"1862","GeneGalitz"," Lander Wyoming"
"1863","debbievail57","West St. Paul, Minnesota"
"1864","deals2otc","United States"
"1865","famososlender","Goiânia, Brasil"
"1866","michael_gabrill","Kansas, MO"
"1867","JonnyM421","United States"
"1868","EttaSilby","United States"
"1869","BeonrgeJack","United States"
"1870","reversetees","Karawaci, Indonesia"
"1871","francescosz","Bryant"
"1872","WalkingDeadPost","Tulsa"
"1873","healthnewsmore","United States"
"1874","FoodsLantern","Missouri, USA"
"1875","hershelsiv","Brownell"
"1876","AllHandsDotNet","USA"
"1877","damionacke","Van Meter"
"1878","YogaBear","USA"
"1879","Therealjesse21","Edmond ok"
"1880","MommyNooz","USA"
"1881","sabema11","STL"
"1883","mollymcevoy33","OMAHA, NEBRASKA"
"1884","Franic212","West Java, Indonesia"
"1885","healthystartgo","United States"
"1886","healthfoodat","United States"
"1887","okayhenderson","Des Moines, Iowa"
"1888","dbauer296","St. Louis, Missouri"
"1889","MommysPlaybook","United States"
"1891","TheOrganicMomma","Midwest"
"1892","52kenyule","Oxford Mills"
"1893","alittle_anita","Nairobi, Kenya"
"1894","cc_jollister","Willard, Missouri"
"1895","southstands303","DENVER"
"1896","mysticlake","Prior Lake, MN"
"1897","ImmunizeNV","Nevada"
"1898","sonnyoconnor","Kearney, NE"
"1899","TicketExpressNE","Omaha, NE"
"1900","Luchopucho1Luis","Paraguay"
"1901","ActifyCHAT","United States"
"1902","OmahaPolice","Omaha, Nebraska"
"1903","amazonmatt","Norman, OK"
"1904","AliDee12017","<ed><U+00A0><U+00BC><ed><U+00BC><U+009E><ed><U+00A0><U+00BD><ed><U+00B0><U+00AC><ed><U+00A0><U+00BC><ed><U+00BC><U+00B4>USA<ed><U+00A0><U+00BC><ed><U+00BC><U+009E><ed><U+00A0><U+00BD><ed><U+00B0><U+00AC><ed><U+00A0><U+00BC><ed><U+00BC><U+00B4>"
"1905","_andreanamarie","somewhere being successful <U+2728>"
"1906","ohnoitsgrego","Earth "
"1907","paytoncochran7","Canyon, TX"
"1908","_30days30sites","Heroku"
"1909","djfynkt","""United"" States of America"
"1910","JoyEDeKok","Pine Island, MN"
"1911","KimDawnReed","Milwaukee, WI"
"1912","HillyardInc","St Joseph, Mo."
"1914","songil","Indonesia"
"1915","TwinningBlog","United States"
"1916","wfgp426","United States"
"1917","2b3blessed","Denver, CO"
"1918","KPsychonautics","Ohio, USA"
"1920","UnionLegion","United States"
"1921","APSNAnurse","Minneapolis, MN"
"1922","healthy_staying","Texas, USA"
"1923","KevinInABQ","Albuquerque, NM"
"1924","IM_KING_Dee","Earth"
"1925","Drivenbyhealth1","Eastbourne, England"
"1926","chaz1944","Ohio"
"1927","officialanner","Sweden"
"1928","ShotofPrev","United States"
"1930","EvolveQuickly","United States"
"1932","Gods_N_Titans","Kansas, USA"
"1933","doksolanki","Zimbabwe"
"1934","MSSC_Wichita","Wichita, KS"
"1935","RyanHeinsius","Flagstaff, Arizona"
"1936","AZPubRadio","Flagstaff, AZ "
"1937","THealthNetwork","Southfield, MI"
"1938","JRohaus","Midwest but PhillyGirl"
"1939","jsscasmth","OKC"
"1940","iowahospital","Des Moines, Iowa"
"1941","ErinBode","Omaha, Nebraska"
"1942","jamadvrs","United States"
"1943","dianasamano_","Los Angeles, CA"
"1944","deannalf5","Urbandale"
"1945","JoeAlv","Minneapolis, MN"
"1946","englishtweetie","Ontario,Canada"
"1947","MaggieGautrau","Red Cloud"
"1948","geek_mojo","United States"
"1949","TinyKidney","USA"
"1951","DrSarahBHealthy","Great Britain"
"1952","jasminesea2","New York, USA"
"1953","LungInstitute","Tampa, FL"
"1954","MaqChamber","Maquoketa, Iowa"
"1955","josephngari77","Kenya"
"1956","CrRedneck123","Asheville, NC"
"1957","DrPhilBoucher","Lincoln, NE"
"1958","BroomfChrioCare","Broomfield, CO"
"1959","danuoktavianto","Kulon Progo. Yogyakarta"
"1960","marbinxd","United States"
"1961","BrianWiese55","Elk Point SD "
"1962","shagmetria","london"
"1963","jasminnahar_","New York"
"1964","965KissCountry","Eastern Iowa"
"1965","KatFoxx1","Cedar Rapids, Iowa"
"1966","ShoesIsCrazy","US"
"1967","LoveWB","United States"
"1968","thegutsandglory","Denver, CO"
"1969","barav","Washington, DC"
"1971","Sisal13","South Jordan, Utah"
"1973","david_howa","Lilongwe"
"1974","nagjoon","United States"
"1977","WildestMoments_","Tulsa"
"1978","TBJSRadio","Poteau, OK"
"1979","yellowstonemike","Jackson, Wyoming"
"1980","Arcade_Fever","Tennessee, USA"
"1981","BeChangeToday","United States"
"1982","ellenghurtado","Indiana"
"1983","cknetworkpharma","USA"
"1984","GodzStr8Shooter","Iowa, USA"
"1985","ejayspharmacyrx","USA"
"1986","meganstanford8","United States"
"1987","kncpharmacy","USA"
"1988","Walgoldpharmacy","USA"
"1989","LPIBeatz","Fort Smith, AR"
"1990","SherlockTuring","Earth"
"1991","zychal_mikayla","Maryland Heights, MO"
"1992","j_vandermolen","United States"
"1993","salon970","Fort Collins Colorado"
"1994","amyneal613","oklahoma city"
"1995","PinkyVeeranki","india"
"1996","SDFlu","South Dakota"
"1997","GulfCoastGranny","United States"
"1998","esamaurotaa","Hutchinson,Kansas"
"1999","superfoodmkt","United States"
